site,title,company,location,description,link
Indeed,ReactJS Developer,Hexafold technologies,Mumbai,,https://in.indeed.com/rc/clk?jk=c368d5f81192b05e&bb=yq5NNj0RvQl-DYJPQVG26Dqx_4QpfantuCIxNcVZwJqZQEIhbPfL_q-KCxLL7gULDqSFwj-QLXc4Zvr14yxVF4VZxGYVfCDtpLcx4e3Sd3E6HCQABwj_g4VdXT9xySbOiP78pyc4WvNx_GSxx3rObneiIFEh845g&xkcb=SoCO67M3raD9T1z4Jx0LbzkdCdPP&fccid=5001ed4ecc185368&cmp=Hexafold-technologies&ti=Developer&vjs=3
Indeed,Junior Software Engineer (SQL),Dr. Batra's,Mumbai,,https://in.indeed.com/rc/clk?jk=4ff8adad4f6b6abe&bb=yq5NNj0RvQl-DYJPQVG26AcUa4ECFJmTPTKxFTZiw_Qy2yInWAVsBWNYC8YMqH0fkwG7VLuvCW0iuNBuqt0fqY0xDO-eKpAgY4OAl8xOnMOQ6GeNmamgBkc0KV-9iT7CVzhVQSt845sWLzwJiN0gU3hTCc5h3Tj7&xkcb=SoA667M3raD9T1z4Jx0KbzkdCdPP&fccid=debd16b07d0d4bbd&cmp=CD-Infotech-Pvt.Ltd&ti=Junior+Software+Engineer&vjs=3
Indeed,Software Engineer - 1,e-EMPHASYS TECHNOLOGIES INC,Mumbai,,https://in.indeed.com/rc/clk?jk=a82f5c53dd116abc&bb=yq5NNj0RvQl-DYJPQVG26CtiVRE49Q6xEUlzXXc0p24XDa6sdo2zGfO4AN33qB53kmiwIoACkBLNz4JxRvn7Yr4zwk8Fu2liIKwYGP0WQVLmZ6dKtFI4208JTMEDCIC7qazpiynotdhRyzLBfcvN53hzzok0o8ZL&xkcb=SoCn67M3raD9T1z4Jx0JbzkdCdPP&fccid=60d1a84a0a5a12b4&vjs=3
Indeed,Bilingual Web Developer - AI Trainer,DataAnnotation,Mumbai,,https://in.indeed.com/pagead/clk?mo=r&ad=-6NYlbfkN0CnM4TERr6XuVBW3VTRACvDXDx9S3Pbn6a0SwhkmoLTiByC3ECiiXeNHHGmzShvJRe02kFZEAZbpw66ZrtDoxFeXbk-OAORTT0ULMAAJAiZEDDVGwfzHsUCjT-tL0gPJfH2m8_wtfSfhbujHFN2MKjL2bj-2NA7hZGpiz5IAapa92VjeIJ0oUDGKaO5DAW8rom0x6WDHMjCxYtZ1lpVXHnftAyO0YS7wakbhYxMXvQ6oz1NTrvJGcI2vGWnknW3xz2iPSr0DPC92NZluId8zWc8W7RkHAmbAYlKdiDyXo8Eylb-4MSXYWg8-mx1DaysOLba965jBSSGvYwdWcdN_m2j3dO-0dgZtSTZ5T7e7wh5fU2CAVGEd_Gr6fCpIwxGufFGLVHqnhXfyppR1p9NlkPb0mzxGe7BCmycXP0zxn1-B6HUZJ8uAgjkqpJdPsy1vRbsPyrQMIAZ8Hh_DCBrtIXqks1kcpdgyxx0oVEDgrwY5nI5JHcw3W3aqX_55tOvxMhJ1clo_flMxG8hBkqQGhKnWc8XxTIp2BLEmKgWqzwQE3DCpDWCRY6PpbMlmQWjnB3edyJbEGCbKLIHjMCC0o0J8TErdzqBpgB58Q3Uo4JKPAmHkIFBX2JkjynLomxSUPp4mO3S2DiBGJjVMWVydKR0syg-hO-Zmc36yo0r0iTyuhW1W7ma0axi8zFleXk0ORyiSZ_-6WNqpVj8emBXZ1bp6UQi6z-wPUbRB5CYLmefh_FXxkRg3MuJBk7MPIOtErBeyP5IGggImo6YyDfDpUc_Y5PqaqXrkZOS1TO4W6-OEgycc6c1j7oYDa52ltikgbiCbvUMuu0M3BDv4wsDEv5YTmpNYbRHcmCAWFfAAgwWT73wUvo3-1u6f-9_qcslr8RPCQCIDuJFhQ==&xkcb=SoDn6_M3raD9T1z4Jx0IbzkdCdPP&camk=nUmJqO2E8rhOA-To16ebMA==&p=3&fvj=0&vjs=3
Indeed,Software Development Intern,Brandbuddiez Technologies Pvt Ltd,Mumbai,,https://in.indeed.com/rc/clk?jk=6f7a63085338f3ce&bb=yq5NNj0RvQl-DYJPQVG26KMlmPG7-JODyc5nFORGAYNRKDmFxcPBIDKDxXDDcGZoQeCUx99f79B0r1LNTxwOeaiT-NDBIYhUvYgUxyZaOhMqJYg8Nz-Du5qnlKhIF21dDsn_2vnL80OW9Y-duXTky2uw6luK7CfZ&xkcb=SoCd67M3raD9T1z4Jx0PbzkdCdPP&fccid=3936570cab8a00ab&cmp=Brandbuddiez-Technologies-Pvt.-Ltd.&ti=Software+Development+Intern&vjs=3
Indeed,Jr. Web Developer,Altois,Mumbai,,https://in.indeed.com/rc/clk?jk=f360c52294d5129d&bb=yq5NNj0RvQl-DYJPQVG26IVIdRvVT4zOhubgRN1YzkPkbVq91IuMb4pc0eEIKidL02voMp6jp7UriT5tgE8M5TaKuEgm1ne4s8JM32H6hq-zyb7CLXBmRP6hwvNN_oFhVEtD3Zy-TwlGEi6XdUFlcuL_vUlIjsMp&xkcb=SoAp67M3raD9T1z4Jx0ObzkdCdPP&fccid=b03408954130ef75&cmp=Altois&ti=Web+Developer&vjs=3
Indeed,Junior Software Engineer,Viliso Technologies Private Limited,Mumbai,,https://in.indeed.com/rc/clk?jk=b243c85e4381c619&bb=yq5NNj0RvQl-DYJPQVG26N_5P3v8iilKPSc8oqGagiO-TK2eYhi8MCkV6ZwUzH4C04rf4jDXI4Z2UhoQHHJpzuunnEUxQ-39ri2h9RaMsboeZufGIcq8tv7BYB1LDTaRJEGxgb9Zs05A6JRagsnnn48Mlc2G5iEZ&xkcb=SoC067M3raD9T1z4Jx0NbzkdCdPP&fccid=fcf2b3d0cdadf845&cmp=Viliso-Technologies-Private-Limited&ti=Junior+Software+Engineer&vjs=3
Indeed,Junior Software Engineer,Crystal Complete Solution,Mumbai,,https://in.indeed.com/rc/clk?jk=3ac58bb7bf1e91f6&bb=yq5NNj0RvQl-DYJPQVG26I2woryPXKcGTsbre9K-HvpgAr5q9DCRca5X7D9P1O76ECMzInrl76QuV8N0PHHCyeS1Sit0GdzNBiRvLRH7TMzZ0Beue-I44kJbTSmWp52DGqBaXXGrCAHc-a60rogEBDPxNxodBn86&xkcb=SoAA67M3raD9T1z4Jx0MbzkdCdPP&fccid=7b5a4473848556fb&cmp=Crystal-Complete-Solution&ti=Junior+Software+Engineer&vjs=3
Indeed,Software Engineer- ReactJS and NodeJS,Rapsys Technologies,Mumbai,,https://in.indeed.com/rc/clk?jk=c23695bb637b0595&bb=yq5NNj0RvQl-DYJPQVG26E1sQvhzwQ-TF3kgBufDF3O8mCCc8Q63bps6bIb_HBY6GY5ADvFzrCcRQap3lbcytrLSNJ2IeMyYVp_Zpsm5mIKMnKWFCMTupYKLrcdTOzaA4PwS8aLxkfnDrJSFTaBayeYbzOtLamVO&xkcb=SoDp67M3raD9T1z4Jx0DbzkdCdPP&fccid=79ad8f5481fa2045&vjs=3
Indeed,Junior Software Engineer,Fospha,Mumbai,,https://in.indeed.com/rc/clk?jk=589a92cfe59bee88&bb=yq5NNj0RvQl-DYJPQVG26HoFG8pRNJ14C78lbyE_zBT9G2CoVS0f07wq_87jluJX5kAjWlKbjQ1_OAQTbZMshCUW5ceRYkRulwAiJ3RYmsqFA9kuz1HKXeDvzGixrh3GOceer-njRT8Z3uqQWFEOjrn-69aWhGAD&xkcb=SoBd67M3raD9T1z4Jx0CbzkdCdPP&fccid=0f6cdedd75095e44&vjs=3
Indeed,Software Development Engineer,Blox.xyz,Mumbai,,https://in.indeed.com/rc/clk?jk=e751aae6e21e2e8e&bb=yq5NNj0RvQl-DYJPQVG26OAShr3BXtjf5Nq-Q_jgaFe3W4hkHutRp9b309ipoNqAjGrLqn7ekwXiDLaqn1mUgzmivownb9LpSjY-jeRa8_yaO6ANqOkexoHx82EtifR6hDgy6sCqATIVAPvxIo6EKM6T4Gb3uvaT&xkcb=SoDA67M3raD9T1z4Jx0BbzkdCdPP&fccid=a2894ebda33dde9c&cmp=Blox.xyz&ti=Software+Engineer&vjs=3
Indeed,Software Development Engineer,Blox.xyz,Mumbai,,https://in.indeed.com/viewjob?jk=f1e2d3c4b5a67890
Indeed,Front end developer,DEPT®,Mumbai,,https://in.indeed.com/rc/clk?jk=13b4d25824abd138&bb=yq5NNj0RvQl-DYJPQVG26AQYF6d950626oMwWqB9lqbVzzKqUnuXU6t3baIMuX2s_L4mKNI7eTdy2oHDjv95_QpJDxUKW6SzHVi8O9bi9WiB8tLN9ZRDWhQjnXywCv4LGlw7uVDvn3aIid6GxyfjMYyr6LiHyliE&xkcb=SoB067M3raD9T1z4Jx0AbzkdCdPP&fccid=8f458c8455902827&cmp=DEPT%25C2%25AE&ti=Front+End+Developer&vjs=3
Indeed,"Software Engineer (Andheri , Mumbai - - NextJS DRF Postgres )",Brandbuddiez Technologies Pvt Ltd,Mumbai,,https://in.indeed.com/rc/clk?jk=5388a7e7716d18dc&bb=yq5NNj0RvQl-DYJPQVG26EEZecjvO6EqOcjaEQast_21Bwr8fk6FuAlti3T1AEjxkjTh1ohRaJl6h4wmkweK154xXZo9WQ_zYnYNsilI4VWg0TM6FcVtGw858skDiX2-ZbdV7Am24_pWv1lefQ7Imh5O-Zi_i0VT&xkcb=SoD667M3raD9T1z4Jx0HbzkdCdPP&fccid=3936570cab8a00ab&cmp=Brandbuddiez-Technologies-Pvt.-Ltd.&ti=Software+Engineer&vjs=3
Indeed,Software Engineers,Bhoomi Infosolutions (I),Mumbai,,https://in.indeed.com/rc/clk?jk=91f3bd42a9a76ff7&bb=yq5NNj0RvQl-DYJPQVG26LZwKijUxWccmqKIu_hKEDC-IDQgGV6FmwA4RNG5aqRfqTGfGdptjvVLU-0AZlYxEhlvxtIwhs2MRPDWSIbXB9lpzCWqdFvgr8N_m86KFckBDFyeRtFWYWzcxgRHv4FobnhCVPiUFgsI&xkcb=SoBO67M3raD9T1z4Jx0GbzkdCdPP&fccid=6d2178d206bf9edf&vjs=3
Indeed,Junior Software Developer,Altois,Mumbai,,https://in.indeed.com/rc/clk?jk=e4bf275037fb65a3&bb=yq5NNj0RvQl-DYJPQVG26Pm1zAqhRn7hH2ONS9D7YJU7xzHgKiQUlorouobjivf8oRmvSX3eoWYl4tnUb5W0_TECOPvsG99tzzYWu1ZKgni4HvgcrbadntdsSQ5gZscC3LsVcidDHisI2Vpd7QGXgzbQ4lWZbK_q&xkcb=SoDT67M3raD9T1z4Jx0FbzkdCdPP&fccid=b03408954130ef75&cmp=Altois&ti=Junior+Software+Engineer&vjs=3
LinkedIn,Frontend Developer,Elchemy,Mumbai Metropolitan Region,,https://in.linkedin.com/jobs/view/frontend-developer-at-elchemy-4277682200?position=1&pageNum=0&refId=N1D71PEJKWKP4c2ClYnYaA%3D%3D&trackingId=VstAJJ2oVqZf6nd6ihQH5Q%3D%3D
LinkedIn,Frontend Developer,SettleMint India,"Navi Mumbai, Maharashtra, India",,https://in.linkedin.com/jobs/view/frontend-developer-at-settlemint-india-3815122158?position=2&pageNum=0&refId=N1D71PEJKWKP4c2ClYnYaA%3D%3D&trackingId=s7OBaL6AbOIaORRhYLhevA%3D%3D
LinkedIn,BACKEND DEVELOPER SDE-2,Godrej Capital,"Mumbai, Maharashtra, India",,https://in.linkedin.com/jobs/view/backend-developer-sde-2-at-godrej-capital-4308924591?position=3&pageNum=0&refId=N1D71PEJKWKP4c2ClYnYaA%3D%3D&trackingId=4bPR55LW0H%2Fa8lBSvBrYHA%3D%3D
LinkedIn,"Software Engineer, University Graduate, 2026",Google,"Mumbai, Maharashtra, India",,https://in.linkedin.com/jobs/view/software-engineer-university-graduate-2026-at-google-4315008889?position=4&pageNum=0&refId=N1D71PEJKWKP4c2ClYnYaA%3D%3D&trackingId=8MraZqcrLGJyZLjNgZivaQ%3D%3D
LinkedIn,Backend Python Developer | SDE - 1/2,Fynd,Mumbai Metropolitan Region,,https://in.linkedin.com/jobs/view/backend-python-developer-sde-1-2-at-fynd-4280830443?position=5&pageNum=0&refId=N1D71PEJKWKP4c2ClYnYaA%3D%3D&trackingId=TrYI9vni%2FUPqscwKYEZ%2BuQ%3D%3D
LinkedIn,Front-End Developer – SCG India,SCG,Mumbai Metropolitan Region,,https://in.linkedin.com/jobs/view/front-end-developer-%E2%80%93-scg-india-at-scg-4298394472?position=6&pageNum=0&refId=N1D71PEJKWKP4c2ClYnYaA%3D%3D&trackingId=DzFBCsc%2BhMHEJu4776EBtw%3D%3D
LinkedIn,Python Developer - SDE 1 / 2,Fynd,Mumbai Metropolitan Region,,https://in.linkedin.com/jobs/view/python-developer-sde-1-2-at-fynd-4259116380?position=7&pageNum=0&refId=N1D71PEJKWKP4c2ClYnYaA%3D%3D&trackingId=nhFNNVozHGSq7hDZrjhiMw%3D%3D
LinkedIn,HTML Developer,GALAGALI MULTIMEDIA,"Thane, Maharashtra, India",,https://in.linkedin.com/jobs/view/html-developer-at-galagali-multimedia-4048232199?position=8&pageNum=0&refId=N1D71PEJKWKP4c2ClYnYaA%3D%3D&trackingId=35lECVOQt05wSEyXIwM2Lg%3D%3D
LinkedIn,HTML - CSS Developer,Rejolut- A GenAI & Web 3.0 Company,Mumbai Metropolitan Region,,https://in.linkedin.com/jobs/view/html-css-developer-at-rejolut-a-genai-web-3-0-company-4306129229?position=9&pageNum=0&refId=N1D71PEJKWKP4c2ClYnYaA%3D%3D&trackingId=71kc%2BeW4Q2ksKZs9VvNLHw%3D%3D
LinkedIn,Web Developer,Mondelēz International,Mumbai Metropolitan Region,,https://in.linkedin.com/jobs/view/web-developer-at-mondel%C4%93z-international-4299162508?position=10&pageNum=0&refId=N1D71PEJKWKP4c2ClYnYaA%3D%3D&trackingId=5avrStNp5XeITQTWPN8lRA%3D%3D
LinkedIn,Java - Associate-Software engineer,Morgan Stanley,"Mumbai, Maharashtra, India",,https://in.linkedin.com/jobs/view/java-associate-software-engineer-at-morgan-stanley-4306005415?position=11&pageNum=0&refId=N1D71PEJKWKP4c2ClYnYaA%3D%3D&trackingId=5WuSjnr2ILkvW1mczPpvBQ%3D%3D
LinkedIn,Frontend Developer Trainee,Rejolut- A GenAI & Web 3.0 Company,"Navi Mumbai, Maharashtra, India",,https://in.linkedin.com/jobs/view/frontend-developer-trainee-at-rejolut-a-genai-web-3-0-company-4306126320?position=12&pageNum=0&refId=N1D71PEJKWKP4c2ClYnYaA%3D%3D&trackingId=SgpTa02lh7hWCyJELh8ycg%3D%3D
LinkedIn,React Js Developer,Deqode,Mumbai Metropolitan Region,,https://in.linkedin.com/jobs/view/react-js-developer-at-deqode-4248849596?position=13&pageNum=0&refId=N1D71PEJKWKP4c2ClYnYaA%3D%3D&trackingId=qSy5MncssoLDMmpcSBa%2FAQ%3D%3D
LinkedIn,SDE - 1 | Fullstack Developer,Fynd,Mumbai Metropolitan Region,,https://in.linkedin.com/jobs/view/sde-1-fullstack-developer-at-fynd-4259114971?position=14&pageNum=0&refId=N1D71PEJKWKP4c2ClYnYaA%3D%3D&trackingId=h6ocR56MCzk2HBq6JcLuLg%3D%3D
LinkedIn,Website Developer,Digimanic,"Mumbai, Maharashtra, India",,https://in.linkedin.com/jobs/view/website-developer-at-digimanic-4048230802?position=15&pageNum=0&refId=N1D71PEJKWKP4c2ClYnYaA%3D%3D&trackingId=CJ6x9jLwwMBI8gvdyl%2BNkA%3D%3D
LinkedIn,Full Stack Next.js Developer at Toolyt,Toolyt,"Mumbai, Maharashtra, India",,https://in.linkedin.com/jobs/view/full-stack-next-js-developer-at-toolyt-at-toolyt-4058718065?position=16&pageNum=0&refId=N1D71PEJKWKP4c2ClYnYaA%3D%3D&trackingId=1oS9sRESPxw9NsXX2jJJ9w%3D%3D
LinkedIn,Frontend Developer,Tessact,Mumbai Metropolitan Region,,https://in.linkedin.com/jobs/view/frontend-developer-at-tessact-4306126311?position=17&pageNum=0&refId=N1D71PEJKWKP4c2ClYnYaA%3D%3D&trackingId=mHCim29tVXmqW7YRxJDVbg%3D%3D
LinkedIn,Frontend Developer,Skyber,Mumbai Metropolitan Region,,https://in.linkedin.com/jobs/view/frontend-developer-at-skyber-4306119413?position=18&pageNum=0&refId=N1D71PEJKWKP4c2ClYnYaA%3D%3D&trackingId=gkJA8oCF9DMGLY7RX5OI5Q%3D%3D
LinkedIn,Software Engineer,Capgemini,Mumbai Metropolitan Region,,https://in.linkedin.com/jobs/view/software-engineer-at-capgemini-4232785612?position=19&pageNum=0&refId=N1D71PEJKWKP4c2ClYnYaA%3D%3D&trackingId=6WiPDRS94Q4iuVbmgJJ1Pw%3D%3D
LinkedIn,Node.js  Developer,Jio,Mumbai Metropolitan Region,,https://in.linkedin.com/jobs/view/node-js-developer-at-jio-4256757080?position=20&pageNum=0&refId=N1D71PEJKWKP4c2ClYnYaA%3D%3D&trackingId=Mr%2FHyVZr%2Bv2hr2zm3OH0Mw%3D%3D
LinkedIn,Web Developer,TAC Security,"Mumbai, Maharashtra, India",,https://in.linkedin.com/jobs/view/web-developer-at-tac-security-3960985566?position=21&pageNum=0&refId=N1D71PEJKWKP4c2ClYnYaA%3D%3D&trackingId=zQgaEZequc4TdkPcJYawTQ%3D%3D
LinkedIn,Frontend (React),Kodo,Mumbai Metropolitan Region,,https://in.linkedin.com/jobs/view/frontend-react-at-kodo-4257334618?position=22&pageNum=0&refId=N1D71PEJKWKP4c2ClYnYaA%3D%3D&trackingId=ZCocPnRTbtfbVHCDyuvbNw%3D%3D
LinkedIn,Software Engineer (backend),Kodo,Mumbai Metropolitan Region,,https://in.linkedin.com/jobs/view/software-engineer-backend-at-kodo-4257554310?position=23&pageNum=0&refId=N1D71PEJKWKP4c2ClYnYaA%3D%3D&trackingId=jj9LWwWcycT3oBR%2BrOmZhA%3D%3D
LinkedIn,Frontend Developer,DigiThinkIt Inc.,Mumbai Metropolitan Region,,https://in.linkedin.com/jobs/view/frontend-developer-at-digithinkit-inc-4306114562?position=24&pageNum=0&refId=N1D71PEJKWKP4c2ClYnYaA%3D%3D&trackingId=5VEn7vRSAZHHcEX3gEj0JQ%3D%3D
LinkedIn,Java Fullstack Developer,Capgemini,"Sion, Maharashtra, India",,https://in.linkedin.com/jobs/view/java-fullstack-developer-at-capgemini-4308988301?position=25&pageNum=0&refId=N1D71PEJKWKP4c2ClYnYaA%3D%3D&trackingId=zO4gVktUonAeQ1AEyzYYpQ%3D%3D
LinkedIn,Java Developer,Oracle,Mumbai Metropolitan Region,,https://in.linkedin.com/jobs/view/java-developer-at-oracle-4297000831?position=26&pageNum=0&refId=N1D71PEJKWKP4c2ClYnYaA%3D%3D&trackingId=vzLJnINm%2Bz78JqGEXjkxkg%3D%3D
LinkedIn,Front-End Developer,WEQ Technologies,Mumbai Metropolitan Region,,https://in.linkedin.com/jobs/view/front-end-developer-at-weq-technologies-4306114548?position=27&pageNum=0&refId=N1D71PEJKWKP4c2ClYnYaA%3D%3D&trackingId=ibW80usdTZjnXHEUnDSDWw%3D%3D
LinkedIn,React.js Developer,CometChat,Mumbai Metropolitan Region,,https://in.linkedin.com/jobs/view/react-js-developer-at-cometchat-4307041025?position=28&pageNum=0&refId=N1D71PEJKWKP4c2ClYnYaA%3D%3D&trackingId=zb6JfxjKohiVWckbgiVZwA%3D%3D
LinkedIn,Frontend Developer,Ideamagix,"Thane, Maharashtra, India",,https://in.linkedin.com/jobs/view/frontend-developer-at-ideamagix-4306113560?position=29&pageNum=0&refId=N1D71PEJKWKP4c2ClYnYaA%3D%3D&trackingId=l1XtgiJHhQ4AntphEeJLsQ%3D%3D
LinkedIn,Python Developer,Deqode,Mumbai Metropolitan Region,,https://in.linkedin.com/jobs/view/python-developer-at-deqode-4276260350?position=30&pageNum=0&refId=N1D71PEJKWKP4c2ClYnYaA%3D%3D&trackingId=r5SE%2BKDhkLsVcmAW0rRHvQ%3D%3D
LinkedIn,React Js Developer,Deqode,"Navi Mumbai, Maharashtra, India",,https://in.linkedin.com/jobs/view/react-js-developer-at-deqode-4293618080?position=31&pageNum=0&refId=N1D71PEJKWKP4c2ClYnYaA%3D%3D&trackingId=BSgQkojhniWqbehkhZiV5A%3D%3D
LinkedIn,Frontend Developer,TIFIN,Mumbai Metropolitan Region,,https://in.linkedin.com/jobs/view/frontend-developer-at-tifin-4308015606?position=32&pageNum=0&refId=N1D71PEJKWKP4c2ClYnYaA%3D%3D&trackingId=5PNYixkpPpV6BuywiRWKLg%3D%3D
LinkedIn,Software Developer Engineer – SCG India,SCG,Mumbai Metropolitan Region,,https://in.linkedin.com/jobs/view/software-developer-engineer-%E2%80%93-scg-india-at-scg-4297845079?position=33&pageNum=0&refId=N1D71PEJKWKP4c2ClYnYaA%3D%3D&trackingId=PnJNpAsbjRz1DVNGsT%2FnDg%3D%3D
LinkedIn,SDE (NodeJS) - 1/2/3 | Konnect,Fynd,Mumbai Metropolitan Region,,https://in.linkedin.com/jobs/view/sde-nodejs-1-2-3-konnect-at-fynd-4311630257?position=34&pageNum=0&refId=N1D71PEJKWKP4c2ClYnYaA%3D%3D&trackingId=W6xtEYa9naaLnLhyrPL6Yw%3D%3D
LinkedIn,Frontend Developer,DG7,"Mumbai, Maharashtra, India",,https://in.linkedin.com/jobs/view/frontend-developer-at-dg7-4048230343?position=35&pageNum=0&refId=N1D71PEJKWKP4c2ClYnYaA%3D%3D&trackingId=Scy7ZDN2qe7unTf%2BAcI%2FSA%3D%3D
LinkedIn,Python Developer,Deqode,"Navi Mumbai, Maharashtra, India",,https://in.linkedin.com/jobs/view/python-developer-at-deqode-4287699639?position=36&pageNum=0&refId=N1D71PEJKWKP4c2ClYnYaA%3D%3D&trackingId=FPOs%2BTRY63nZ9NRGHVCnGw%3D%3D
LinkedIn,"Software Dev Engineer I, Amazon University Talent Acquisition",Amazon,"Borivali, Maharashtra, India",,https://in.linkedin.com/jobs/view/software-dev-engineer-i-amazon-university-talent-acquisition-at-amazon-4192064153?position=37&pageNum=0&refId=N1D71PEJKWKP4c2ClYnYaA%3D%3D&trackingId=khYUcA971k4dtpL1FoL8Ng%3D%3D
LinkedIn,Python Developer | SDE - 1 | UCP,Fynd,Mumbai Metropolitan Region,,https://in.linkedin.com/jobs/view/python-developer-sde-1-ucp-at-fynd-4319312094?position=38&pageNum=0&refId=N1D71PEJKWKP4c2ClYnYaA%3D%3D&trackingId=0xYgGIi0ftjc%2Bebm%2B6qqUQ%3D%3D
LinkedIn,SDE - 2 | Java Developer,Fynd,Mumbai Metropolitan Region,,https://in.linkedin.com/jobs/view/sde-2-java-developer-at-fynd-4284137605?position=39&pageNum=0&refId=N1D71PEJKWKP4c2ClYnYaA%3D%3D&trackingId=io4oaN6cZzGvfYO8aKQDYw%3D%3D
LinkedIn,WEB DEVELOPER,Maxval Technologies Pvt Ltd,"Navi Mumbai, Maharashtra, India",,https://in.linkedin.com/jobs/view/web-developer-at-maxval-technologies-pvt-ltd-4141616176?position=40&pageNum=0&refId=N1D71PEJKWKP4c2ClYnYaA%3D%3D&trackingId=WzozSOAjENIyvB%2BTZVkWgQ%3D%3D
LinkedIn,Software Developer,Milliman,"Navi Mumbai, Maharashtra, India",,https://in.linkedin.com/jobs/view/software-developer-at-milliman-4222222368?position=41&pageNum=0&refId=N1D71PEJKWKP4c2ClYnYaA%3D%3D&trackingId=%2BPNzSo5Ln9jSJHacTMBVkA%3D%3D
LinkedIn,React.js Developer - Javascript,Deqode,Mumbai Metropolitan Region,,https://in.linkedin.com/jobs/view/react-js-developer-javascript-at-deqode-4304476869?position=42&pageNum=0&refId=N1D71PEJKWKP4c2ClYnYaA%3D%3D&trackingId=ryb59sSwOIAGEEXUF0bd4g%3D%3D
LinkedIn,Software Engineer - MySQL,Vegayan Systems,Mumbai Metropolitan Region,,https://in.linkedin.com/jobs/view/software-engineer-mysql-at-vegayan-systems-4173063080?position=43&pageNum=0&refId=N1D71PEJKWKP4c2ClYnYaA%3D%3D&trackingId=cWyXr3FJ8aNk3TIayBAgaA%3D%3D
LinkedIn,Full Stack Developer,Kodo,Mumbai Metropolitan Region,,https://in.linkedin.com/jobs/view/full-stack-developer-at-kodo-4262151951?position=44&pageNum=0&refId=N1D71PEJKWKP4c2ClYnYaA%3D%3D&trackingId=brypMioSb3diPEmL8nwQHQ%3D%3D
LinkedIn,React Frontend Developer,Retail Scan Management Services Pvt. Ltd.,"Mumbai, Maharashtra, India",,https://in.linkedin.com/jobs/view/react-frontend-developer-at-retail-scan-management-services-pvt-ltd-4143153361?position=45&pageNum=0&refId=N1D71PEJKWKP4c2ClYnYaA%3D%3D&trackingId=%2F9KlS9kF3gPMQ6Rph0pXhw%3D%3D
LinkedIn,React js  Developer,Information Technology Learning Hub-ITLH,"Navi Mumbai, Maharashtra, India",,https://in.linkedin.com/jobs/view/react-js-developer-at-information-technology-learning-hub-itlh-4306119421?position=46&pageNum=0&refId=N1D71PEJKWKP4c2ClYnYaA%3D%3D&trackingId=308aVYEtk9J3DwSw1w1%2F8A%3D%3D
LinkedIn,ReactJS Developer,Deqode,Mumbai Metropolitan Region,,https://in.linkedin.com/jobs/view/reactjs-developer-at-deqode-4206704448?position=47&pageNum=0&refId=N1D71PEJKWKP4c2ClYnYaA%3D%3D&trackingId=U8DfyNDU8W2WBw0cY2KeAg%3D%3D
LinkedIn,Developer,IDFC FIRST Bank,"Navi Mumbai, Maharashtra, India",,https://in.linkedin.com/jobs/view/developer-at-idfc-first-bank-4307649630?position=48&pageNum=0&refId=N1D71PEJKWKP4c2ClYnYaA%3D%3D&trackingId=XUL%2BN5nQE53xWiVCzB2Gzw%3D%3D
LinkedIn,Fullstack Developer (0-3 years),Softlink Global,Mumbai Metropolitan Region,,https://in.linkedin.com/jobs/view/fullstack-developer-0-3-years-at-softlink-global-4220839450?position=49&pageNum=0&refId=N1D71PEJKWKP4c2ClYnYaA%3D%3D&trackingId=OuQ939qqPby4pThWfPApww%3D%3D
LinkedIn,Jr Javascript Developer,Bit Brothers,Mumbai Metropolitan Region,,https://in.linkedin.com/jobs/view/jr-javascript-developer-at-bit-brothers-4306129246?position=50&pageNum=0&refId=N1D71PEJKWKP4c2ClYnYaA%3D%3D&trackingId=03OSl13YtvZsa%2Fn8TqM9oQ%3D%3D
LinkedIn,Frontend Engineer (React),Kodo,Mumbai Metropolitan Region,,https://in.linkedin.com/jobs/view/frontend-engineer-react-at-kodo-4186587470?position=51&pageNum=0&refId=N1D71PEJKWKP4c2ClYnYaA%3D%3D&trackingId=Vh%2BLtenmglBkrW6uKo4a0g%3D%3D
LinkedIn,Full Stack Developer,Fork Media Group,Mumbai Metropolitan Region,,https://in.linkedin.com/jobs/view/full-stack-developer-at-fork-media-group-4306131124?position=52&pageNum=0&refId=N1D71PEJKWKP4c2ClYnYaA%3D%3D&trackingId=9qU2qPEaq4en9%2FoJagIyug%3D%3D
LinkedIn,Java Software Engineer,BillDesk,"Mumbai, Maharashtra, India",,https://in.linkedin.com/jobs/view/java-software-engineer-at-billdesk-4318473114?position=53&pageNum=0&refId=N1D71PEJKWKP4c2ClYnYaA%3D%3D&trackingId=j8S1FSH9RIJ3Q3pSUhe%2BUQ%3D%3D
LinkedIn,Software Development Engineering (Web) Internship in Mumbai (Hybrid),Vamaship,Mumbai Metropolitan Region,,https://in.linkedin.com/jobs/view/software-development-engineering-web-internship-in-mumbai-hybrid-at-vamaship-4314863632?position=54&pageNum=0&refId=N1D71PEJKWKP4c2ClYnYaA%3D%3D&trackingId=coLw8HwHsuXA57PrciFj8A%3D%3D
LinkedIn,Java Developer (Off Roll Hiring ) (Immediate Joiners Only),Crisil,"Mumbai, Maharashtra, India",,https://in.linkedin.com/jobs/view/java-developer-off-roll-hiring-immediate-joiners-only-at-crisil-4296973082?position=55&pageNum=0&refId=N1D71PEJKWKP4c2ClYnYaA%3D%3D&trackingId=YPEXnxwUHBHOUEz4QWv2ew%3D%3D
LinkedIn,Javascript Developer,UCG eSolutions LLP,"Mumbai, Maharashtra, India",,https://in.linkedin.com/jobs/view/javascript-developer-at-ucg-esolutions-llp-4215910582?position=56&pageNum=0&refId=N1D71PEJKWKP4c2ClYnYaA%3D%3D&trackingId=D4R33VdW%2FgAiaYt0iJZ67w%3D%3D
LinkedIn,Software,Godrej Körber Supply Chain Ltd,"Thane, Maharashtra, India",,https://in.linkedin.com/jobs/view/software-at-godrej-k%C3%B6rber-supply-chain-ltd-4143375923?position=57&pageNum=0&refId=N1D71PEJKWKP4c2ClYnYaA%3D%3D&trackingId=b7m0zkUB6i%2BrqL8xg26Kyg%3D%3D
LinkedIn,Executive - SAP-ABAP,KPMG India,"Mumbai, Maharashtra, India",,https://in.linkedin.com/jobs/view/executive-sap-abap-at-kpmg-india-4207046608?position=58&pageNum=0&refId=N1D71PEJKWKP4c2ClYnYaA%3D%3D&trackingId=TIlYyaxUR06iYG7gNTkWQg%3D%3D
LinkedIn,MERN Stack Developer - Javascript/Express.js,Deqode,Mumbai Metropolitan Region,,https://in.linkedin.com/jobs/view/mern-stack-developer-javascript-express-js-at-deqode-4312907718?position=59&pageNum=0&refId=N1D71PEJKWKP4c2ClYnYaA%3D%3D&trackingId=zweWMxB1M6r9oKJvTwCbbg%3D%3D
LinkedIn,Frontend Developer,Housiey,Mumbai Metropolitan Region,,https://in.linkedin.com/jobs/view/frontend-developer-at-housiey-4306112548?position=60&pageNum=0&refId=N1D71PEJKWKP4c2ClYnYaA%3D%3D&trackingId=R9o86cIGUSvCKTBHwwNkMg%3D%3D
LinkedIn,Java Developer,Oracle,Mumbai Metropolitan Region,,https://in.linkedin.com/jobs/view/java-developer-at-oracle-4297000831?position=1&pageNum=2&refId=SBjoCEw00kr08Z2P%2F7R02Q%3D%3D&trackingId=sfOHocYWB5fX%2BHbcDFB2yA%3D%3D
LinkedIn,Front-End Developer,WEQ Technologies,Mumbai Metropolitan Region,,https://in.linkedin.com/jobs/view/front-end-developer-at-weq-technologies-4306114548?position=2&pageNum=2&refId=SBjoCEw00kr08Z2P%2F7R02Q%3D%3D&trackingId=X3JpUJCnf3QxdIVwD8RH0A%3D%3D
LinkedIn,React.js Developer,CometChat,Mumbai Metropolitan Region,,https://in.linkedin.com/jobs/view/react-js-developer-at-cometchat-4307041025?position=3&pageNum=2&refId=SBjoCEw00kr08Z2P%2F7R02Q%3D%3D&trackingId=wpraJ23F9LHkVYCpk%2B6nEw%3D%3D
LinkedIn,Frontend Developer,Ideamagix,"Thane, Maharashtra, India",,https://in.linkedin.com/jobs/view/frontend-developer-at-ideamagix-4306113560?position=4&pageNum=2&refId=SBjoCEw00kr08Z2P%2F7R02Q%3D%3D&trackingId=ozFSC3MobTUHHJf27l4f9Q%3D%3D
LinkedIn,Python Developer,Deqode,Mumbai Metropolitan Region,,https://in.linkedin.com/jobs/view/python-developer-at-deqode-4276260350?position=5&pageNum=2&refId=SBjoCEw00kr08Z2P%2F7R02Q%3D%3D&trackingId=Qf3lCsQBXW4PBYiWXM767Q%3D%3D
LinkedIn,React Js Developer,Deqode,"Navi Mumbai, Maharashtra, India",,https://in.linkedin.com/jobs/view/react-js-developer-at-deqode-4293618080?position=6&pageNum=2&refId=SBjoCEw00kr08Z2P%2F7R02Q%3D%3D&trackingId=rf3ApjU1p%2BsqIzbb%2Bk2LOA%3D%3D
LinkedIn,Frontend Developer,TIFIN,Mumbai Metropolitan Region,,https://in.linkedin.com/jobs/view/frontend-developer-at-tifin-4308015606?position=7&pageNum=2&refId=SBjoCEw00kr08Z2P%2F7R02Q%3D%3D&trackingId=oedp0Zbs1n9fBPu9ngSspg%3D%3D
LinkedIn,Software Developer Engineer – SCG India,SCG,Mumbai Metropolitan Region,,https://in.linkedin.com/jobs/view/software-developer-engineer-%E2%80%93-scg-india-at-scg-4297845079?position=8&pageNum=2&refId=SBjoCEw00kr08Z2P%2F7R02Q%3D%3D&trackingId=c5%2FuTwaX3DbgQMOFXkc1zw%3D%3D
LinkedIn,SDE (NodeJS) - 1/2/3 | Konnect,Fynd,Mumbai Metropolitan Region,,https://in.linkedin.com/jobs/view/sde-nodejs-1-2-3-konnect-at-fynd-4311630257?position=9&pageNum=2&refId=SBjoCEw00kr08Z2P%2F7R02Q%3D%3D&trackingId=RryRXBg5FcSdjVZYhzkeRg%3D%3D
LinkedIn,Frontend Developer,DG7,"Mumbai, Maharashtra, India",,https://in.linkedin.com/jobs/view/frontend-developer-at-dg7-4048230343?position=10&pageNum=2&refId=SBjoCEw00kr08Z2P%2F7R02Q%3D%3D&trackingId=UubZ1JfdaFm3K2YpOLzybw%3D%3D
TimesJobs,Software Engineer,BAKER HUGHES,Mumbai,cloud deployment,https://www.timesjobs.com/job-detail/software-engineer-baker-hughes-mumbai-3-to-6-yrs-jobid-sSUG__PLUS__LrqV9VzpSvf__PLUS__uAgZw==&source=srp
TimesJobs,Software Engineer,gs tecknoserve pvt ltd,Mumbai,css,https://www.timesjobs.com/job-detail/software-engineer-gs-tecknoserve-pvt-ltd-mumbai-0-to-3-yrs-jobid-ruKk7WGj1YtzpSvf__PLUS__uAgZw==&source=srp
TimesJobs,Software Engineer,Boyen Haddin Consultants LLP,Mumbai,fundamentals,https://www.timesjobs.com/job-detail/software-engineer-boyen-haddin-consultants-llp-mumbai-6-to-9-yrs-jobid-5b9TvInL3cRzpSvf__PLUS__uAgZw==&source=srp
TimesJobs,Software Engineer,Finoux Solutions Private Limited,Mumbai,c#,https://www.timesjobs.com/job-detail/software-engineer-finoux-solutions-private-limited-mumbai-2-to-4-yrs-jobid-2AU8nUaGFgtzpSvf__PLUS__uAgZw==&source=srp
TimesJobs,Software Engineer,ZEUS SYSTEMS PVT. LTD,Mumbai,html5,https://www.timesjobs.com/job-detail/software-engineer-zeus-systems-pvt-ltd-mumbai-0-to-2-yrs-jobid-6zFvIjU152xzpSvf__PLUS__uAgZw==&source=srp
TimesJobs,Software Engineer,LAKSH HUMAN RESOURCE,Mumbai,algorithms,https://www.timesjobs.com/job-detail/software-engineer-laksh-human-resource-mumbai-1-to-5-yrs-jobid-LjSyU8NyNiNzpSvf__PLUS__uAgZw==&source=srp
TimesJobs,Software Engineer,godrej infotech ltd,Mumbai,,https://www.timesjobs.com/job-detail/software-engineer-godrej-infotech-ltd-mumbai-1-to-3-yrs-jobid-1o4Ebh5nsl9zpSvf__PLUS__uAgZw==&source=srp
TimesJobs,Software Engineer,godrej infotech ltd,Mumbai,,https://www.timesjobs.com/job-detail/software-engineer-godrej-infotech-ltd-mumbai-1-to-3-yrs-jobid-cZ0BpAwLBdNzpSvf__PLUS__uAgZw==&source=srp
TimesJobs,Software Engineer,godrej infotech ltd,Mumbai,,https://www.timesjobs.com/job-detail/software-engineer-godrej-infotech-ltd-mumbai-1-to-3-yrs-jobid-WFPALdQWFJBzpSvf__PLUS__uAgZw==&source=srp
TimesJobs,Software Engineer  /  Sr. Software Engineer -.net,nec software solutions  ( india )  pvt ltd,Mumbai,.net development,https://www.timesjobs.com/job-detail/software-engineer-sr-software-engineer-net-nec-software-solutions-india-pvt-ltd-mumbai-3-to-9-yrs-jobid-AnCceqBAaG9zpSvf__PLUS__uAgZw==&source=srp
TimesJobs,Sr Software Engineer,HERE Technologies,Mumbai,software development,https://www.timesjobs.com/job-detail/sr-software-engineer-here-technologies-mumbai-5-to-8-yrs-jobid-YNRTPpxYQ5BzpSvf__PLUS__uAgZw==&source=srp
TimesJobs,Lead Software Engineer,HERE Technologies,Mumbai,software development,https://www.timesjobs.com/job-detail/lead-software-engineer-here-technologies-mumbai-7-to-10-yrs-jobid-GIM6bXJS5X1zpSvf__PLUS__uAgZw==&source=srp
TimesJobs,Software Engineer - Platform,NIELSEN,Mumbai,open source software,https://www.timesjobs.com/job-detail/software-engineer-platform-nielsen-mumbai-3-to-5-yrs-jobid-Y7JaT9T76EpzpSvf__PLUS__uAgZw==&source=srp
TimesJobs,Software Engineer III,forcepoint,Mumbai,cloud based development,https://www.timesjobs.com/job-detail/software-engineer-iii-forcepoint-mumbai-3-to-5-yrs-jobid-cuYicIcqsLhzpSvf__PLUS__uAgZw==&source=srp
TimesJobs,STAFF SOFTWARE ENGINEER,NIELSEN,Mumbai,cloud infrastructure,https://www.timesjobs.com/job-detail/staff-software-engineer-nielsen-mumbai-5-to-8-yrs-jobid-YBbbIYbKxIhzpSvf__PLUS__uAgZw==&source=srp
TimesJobs,Software Engineer II,HERE Technologies,Mumbai,software development,https://www.timesjobs.com/job-detail/software-engineer-ii-here-technologies-mumbai-2-to-3-yrs-jobid-VFx8tHdhjapzpSvf__PLUS__uAgZw==&source=srp
TimesJobs,Software Engineer II,HERE Technologies,Mumbai,java programming,https://www.timesjobs.com/job-detail/software-engineer-ii-here-technologies-mumbai-3-to-5-yrs-jobid-z4MnvCqZmpVzpSvf__PLUS__uAgZw==&source=srp
TimesJobs,Sr Software Engineer,HERE Technologies,Mumbai,backend development,https://www.timesjobs.com/job-detail/sr-software-engineer-here-technologies-mumbai-4-to-7-yrs-jobid-5NVmWGEsx1xzpSvf__PLUS__uAgZw==&source=srp
TimesJobs,Frontend Software Engineer,BrowserStack,Mumbai,web development,https://www.timesjobs.com/job-detail/frontend-software-engineer-browserstack-mumbai-1-to-2-yrs-jobid-Enljr935VgtzpSvf__PLUS__uAgZw==&source=srp
TimesJobs,Advanced Software Engineer,Diebold Nixdorf,Mumbai,javascript development,https://www.timesjobs.com/job-detail/advanced-software-engineer-diebold-nixdorf-mumbai-8-to-11-yrs-jobid-aK9HEWpFOwxzpSvf__PLUS__uAgZw==&source=srp
TimesJobs,Trainee-Software Engineer,3RI Technologies Pvt Ltd,Mumbai,angular development,https://www.timesjobs.com/job-detail/trainee-software-engineer-3ri-technologies-pvt-ltd-mumbai-0-to-1-yrs-jobid-5vCSIASNRH9zpSvf__PLUS__uAgZw==&source=srp
TimesJobs,Sr Software Engineer,HERE Technologies,Mumbai,java programming,https://www.timesjobs.com/job-detail/sr-software-engineer-here-technologies-mumbai-4-to-7-yrs-jobid-7DEiOPPhNGpzpSvf__PLUS__uAgZw==&source=srp
TimesJobs,Principal Software Engineer,Diebold Nixdorf,Mumbai,software engineering principles,https://www.timesjobs.com/job-detail/principal-software-engineer-diebold-nixdorf-mumbai-13-to-16-yrs-jobid-0aY0UquLVP9zpSvf__PLUS__uAgZw==&source=srp
TimesJobs,Software Engineer - Backend,BrowserStack,Mumbai,software development,https://www.timesjobs.com/job-detail/software-engineer-backend-browserstack-mumbai-1-to-3-yrs-jobid-uI__PLUS__HxViQTSVzpSvf__PLUS__uAgZw==&source=srp
TimesJobs,Advanced Software Engineer,Diebold Nixdorf,Mumbai,software deployment solutions,https://www.timesjobs.com/job-detail/advanced-software-engineer-diebold-nixdorf-mumbai-8-to-11-yrs-jobid-bCP8GbvJg6dzpSvf__PLUS__uAgZw==&source=srp
